id,title,price,image_url,product_url,artist
110391856,Red Windmill logo All Over Print Tote Bag,From $24.85,"https://ih1.redbubble.net/image.3574862361.1856/tb,840x840,medium-c,1,198,600,600-bg,f8f8f8.u4.jpg",https://www.redbubble.com/i/tote-bag/Red-Windmill-logo-by-Leyzel/110391856.A9G4R,By Backstage by Leyzel
35234332,Tui and La - Yin & Yang Koi All Over Print Tote Bag,From $22.94,"https://ih1.redbubble.net/image.2140401385.4332/tb,840x840,medium-c,1,198,600,600-bg,f8f8f8.u7.jpg",https://www.redbubble.com/i/tote-bag/Tui-and-La-Yin-and-Yang-Koi-by-nicoledesigns/35234332.A9G4R,By nicoledesigns
35457039,Panther WW2 German Tank All Over Print Tote Bag,From $22.36,"https://ih1.redbubble.net/image.1483519621.7039/tb,840x840,medium-c,1,198,600,600-bg,f8f8f8.u2.jpg",https://www.redbubble.com/i/tote-bag/Panther-WW2-German-Tank-by-RycoTokyo81/35457039.A9G4R,By RycoTokyo81
74642998,Sac à merde - V1 All Over Print Tote Bag,From $22.94,"https://ih1.redbubble.net/image.2249127035.2998/tb,840x840,medium-c,1,198,600,600-bg,f8f8f8.u1.jpg",https://www.redbubble.com/i/tote-bag/Sac-%C3%A0-merde-V1-by-mamzellemilu/74642998.A9G4R,By L'Atelier de Milu
39141609,The Old English Sheepdog All Over Print Tote Bag,From $23.89,"https://ih1.redbubble.net/image.1773513264.1609/tb,840x840,medium-c,1,198,600,600-bg,f8f8f8.u1.jpg",https://www.redbubble.com/i/tote-bag/The-Old-English-Sheepdog-by-elspethrose/39141609.A9G4R,By Elspeth Rose Design
162546470,Josh Hart Flex All Over Print Tote Bag,From $26.77,"https://ih1.redbubble.net/image.5580513177.6470/tb,840x840,medium-c,1,198,600,600-bg,f8f8f8.jpg",https://www.redbubble.com/i/tote-bag/Josh-Hart-Flex-by-RatTrapTees/162546470.A9G4R,By RatTrapTees
40178640,Cute butch lesbian fluffy sheep cartoon vector illustration motif set.  All Over Print Tote Bag,From $21.03,"https://ih1.redbubble.net/image.871929840.8640/tb,840x840,medium-c,1,198,600,600-bg,f8f8f8.jpg",https://www.redbubble.com/i/tote-bag/Cute-butch-lesbian-fluffy-sheep-cartoon-vector-illustration-motif-set-by-Limolida/40178640.A9G4R,By Limolida
121418060,"Proverbs 3:5,6 Drawstring Bag",$39.07,"https://ih1.redbubble.net/image.4035449199.8060/drawstring_bag,x600-pad,600x600,f8f8f8.jpg",https://www.redbubble.com/i/drawstring-bag/Proverbs-3-5-6-by-JenielsonDesign/121418060.YT4RK,By Paper Bee Gift Shop
170264475,Bear in sunnies - camel All Over Print Tote Bag,From $24.85,"https://ih1.redbubble.net/image.5829711118.4475/tb,840x840,medium-c,1,198,600,600-bg,f8f8f8.jpg",https://www.redbubble.com/i/tote-bag/Bear-in-sunnies-camel-by-CMorgans/170264475.A9G4R,By Catherine Morgans
37191128,Rainbow Heart Love All Over Print Tote Bag,From $22.94,"https://ih1.redbubble.net/image.754401441.1128/tb,840x840,medium-c,1,198,600,600-bg,f8f8f8.u3.jpg",https://www.redbubble.com/i/tote-bag/Rainbow-Heart-Love-by-olga-shvartsur/37191128.A9G4R,By Olga Shvartsur
170509057,"Shadow Daddy, Fourth Wing, Xadan Drawstring Bag",$43.96,"https://ih1.redbubble.net/image.5827633232.9057/drawstring_bag,x600-pad,600x600,f8f8f8.u1.jpg",https://www.redbubble.com/i/drawstring-bag/Shadow-Daddy-Fourth-Wing-Xadan-by-GabyGraphics/170509057.YT4RK,By GabyGraphics
164866746,Penguin All Over Print Tote Bag,From $23.32,"https://ih1.redbubble.net/image.5654291020.6746/tb,840x840,medium-c,1,198,600,600-bg,f8f8f8.jpg",https://www.redbubble.com/i/tote-bag/Penguin-by-Boogiemonst/164866746.A9G4R,By Boog Monst
170439065,Goudy Old Style Typeface All Over Print Tote Bag,From $22.94,"https://ih1.redbubble.net/image.5825721217.9065/tb,840x840,medium-c,1,198,600,600-bg,f8f8f8.u3.jpg",https://www.redbubble.com/i/tote-bag/Goudy-Old-Style-Typeface-by-Artcop42/170439065.A9G4R,By Artcop's T-Shirt Emporium
27862721,The T206 Baseball Cards Collector design! Drawstring Bag,$40.70,"https://ih1.redbubble.net/image.422247974.2721/drawstring_bag,x600-pad,600x600,f8f8f8.u2.jpg",https://www.redbubble.com/i/drawstring-bag/The-T206-Baseball-Cards-Collector-design-by-mindthecherry/27862721.YT4RK,By MINDTHECHERRY
130943127,"Chief Inspector Stefan Derrick investigates with Harry Klein in Munich, good entertainment with nostalgic criminal cases Drawstring Bag",$39.07,"https://ih1.redbubble.net/image.4444865594.3127/drawstring_bag,x600-pad,600x600,f8f8f8.jpg",https://www.redbubble.com/i/drawstring-bag/Chief-Inspector-Stefan-Derrick-investigates-with-Harry-Klein-in-Munich-good-entertainment-with-nostalgic-criminal-cases-by-Mauswohn/130943127.YT4RK,By Mauswohn
169054189,Go to the sea with my friends 02 All Over Print Tote Bag,From $22.94,"https://ih1.redbubble.net/image.5830163533.4189/tb,840x840,medium-c,1,198,600,600-bg,f8f8f8.u4.jpg",https://www.redbubble.com/i/tote-bag/Go-to-the-sea-with-my-friends-02-by-MaArtStudioShop/169054189.A9G4R,By MaArt Studio Shop
26072103,The Lady of Shallot - John William Waterhouse  Drawstring Bag,$40.70,"https://ih1.redbubble.net/image.357002479.2103/drawstring_bag,x600-pad,600x600,f8f8f8.jpg",https://www.redbubble.com/i/drawstring-bag/The-Lady-of-Shallot-John-William-Waterhouse-by-maryedenoa/26072103.YT4RK,By maryedenoa
123244750,Pastel Aqua Blue Abstract Broad Brush Strokes Painting Drawstring Bag,$39.07,"https://ih1.redbubble.net/image.4113203209.4750/drawstring_bag,x600-pad,600x600,f8f8f8.jpg",https://www.redbubble.com/i/drawstring-bag/Pastel-Aqua-Blue-Abstract-Broad-Brush-Strokes-Painting-by-DEC02/123244750.YT4RK,By DEC02
40288997,TRASH BLESSINGS - Find Home All Over Print Tote Bag,From $22.94,"https://ih1.redbubble.net/image.876500533.8997/tb,840x840,medium-c,1,198,600,600-bg,f8f8f8.jpg",https://www.redbubble.com/i/tote-bag/TRASH-BLESSINGS-Find-Home-by-BusinessFish/40288997.A9G4R,By John  Miller
66647501,"Colibri des vignes, hummingbird, colibri, lea roche paintings Drawstring Bag",$39.07,"https://ih1.redbubble.net/image.1984595740.7501/drawstring_bag,x600-pad,600x600,f8f8f8.u1.jpg",https://www.redbubble.com/i/drawstring-bag/Colibri-des-vignes-hummingbird-colibri-lea-roche-paintings-by-salomitata/66647501.YT4RK,By L. ROCHE
169877242,Kitty In A Pickle Costume Color Drawstring Bag,$39.07,"https://ih1.redbubble.net/image.5809180675.7242/drawstring_bag,x600-pad,600x600,f8f8f8.jpg",https://www.redbubble.com/i/drawstring-bag/Kitty-In-A-Pickle-Costume-Color-by-kilkennycat/169877242.YT4RK,By KilkennyCat Art
17256462,California Republic state flag of California All Over Print Tote Bag,From $21.03,"https://ih1.redbubble.net/image.5847321861.6462/tb,840x840,medium-c,1,198,600,600-bg,f8f8f8.u3.jpg",https://www.redbubble.com/i/tote-bag/California-Republic-state-flag-of-California-by-Bruiserstang/17256462.A9G4R,By Bruiserstang
169731750,Angry Cat Riding Unicorn I Choose Violence Meme All Over Print Tote Bag,From $24.85,"https://ih1.redbubble.net/image.5804863859.1750/tb,840x840,medium-c,1,198,600,600-bg,f8f8f8.jpg",https://www.redbubble.com/i/tote-bag/Angry-Cat-Riding-Unicorn-I-Choose-Violence-Meme-by-jess1586/169731750.A9G4R,By Jess.a.creates
37989853,Always there II  All Over Print Tote Bag,From $23.89,"https://ih1.redbubble.net/image.785283212.9853/tb,840x840,medium-c,1,198,600,600-bg,f8f8f8.u3.jpg",https://www.redbubble.com/i/tote-bag/Always-there-II-by-tanjaonthewall/37989853.A9G4R,By tanjaonthewall
77040997,May Queen Drawstring Bag,$42.33,"https://ih1.redbubble.net/image.5791207387.0997/drawstring_bag,x600-pad,600x600,f8f8f8.jpg",https://www.redbubble.com/i/drawstring-bag/May-Queen-by-katherineblower/77040997.YT4RK,By katherineblower
84651639,Dorothy Zbornak No I Will Not Have a Nice Day! All Over Print Tote Bag,From $28.48,"https://ih1.redbubble.net/image.2591689248.1639/tb,840x840,medium-c,1,198,600,600-bg,f8f8f8.jpg",https://www.redbubble.com/i/tote-bag/Dorothy-Zbornak-No-I-Will-Not-Have-a-Nice-Day-by-acquiesce13/84651639.A9G4R,By acquiesce13
170672344,Draculurrr All Over Print Tote Bag,From $22.94,"https://ih1.redbubble.net/image.5832784907.2344/tb,840x840,medium-c,1,198,600,600-bg,f8f8f8.jpg",https://www.redbubble.com/i/tote-bag/Draculurrr-by-GabeWikel/170672344.A9G4R,By StickerPrintWizard
50580090,Chihuahua chihuahuas - pink Drawstring Bag,$42.33,"https://ih1.redbubble.net/image.1321122396.0090/drawstring_bag,x600-pad,600x600,f8f8f8.jpg",https://www.redbubble.com/i/drawstring-bag/Chihuahua-chihuahuas-pink-by-bettyretro/50580090.YT4RK,By LittleBettyMakes
170517874,No Background Unity in Yin Yang and People All Over Print Tote Bag,From $22.94,"https://ih1.redbubble.net/image.5827914612.7874/tb,840x840,medium-c,1,198,600,600-bg,f8f8f8.jpg",https://www.redbubble.com/i/tote-bag/No-Background-Unity-in-Yin-Yang-and-People-by-hrfyan/170517874.A9G4R,By hrfyan
59380003,Labradoodle Golden Doodle Drawstring Bag,$45.59,"https://ih1.redbubble.net/image.1737003798.0003/drawstring_bag,x600-pad,600x600,f8f8f8.jpg",https://www.redbubble.com/i/drawstring-bag/Labradoodle-Golden-Doodle-by-ElegantCat/59380003.YT4RK,By ElegantCat
61987207,Hairy Poppins Drawstring Bag,$39.07,"https://ih1.redbubble.net/image.1830338661.7207/drawstring_bag,x600-pad,600x600,f8f8f8.jpg",https://www.redbubble.com/i/drawstring-bag/Hairy-Poppins-by-andrewledwith/61987207.YT4RK,By Andrew Ledwith
48452058,The Untamed: Gusu Lan Sect All Over Print Tote Bag,From $23.89,"https://ih1.redbubble.net/image.1225411550.2058/tb,840x840,medium-c,1,198,600,600-bg,f8f8f8.jpg",https://www.redbubble.com/i/tote-bag/The-Untamed-Gusu-Lan-Sect-by-firlachieldraws/48452058.A9G4R,By firlachieldraws
32750217,Leonardo Da Vinci Angel (from Virgin of the Rocks) and B. Davis All Over Print Tote Bag,From $26.77,"https://ih1.redbubble.net/image.948249300.0217/tb,840x840,medium-c,1,198,600,600-bg,f8f8f8.u1.jpg",https://www.redbubble.com/i/tote-bag/Leonardo-Da-Vinci-Angel-from-Virgin-of-the-Rocks-and-B-Davis-by-luigi-tarini/32750217.A9G4R,By LT Graphic Art
32611621,Van Gogh’s Self Portrait and Clint Eastwood - Pop Retro Vintage Collage All Over Print Tote Bag,From $26.77,"https://ih1.redbubble.net/image.4786225533.1621/tb,840x840,medium-c,1,198,600,600-bg,f8f8f8.u5.jpg",https://www.redbubble.com/i/tote-bag/Van-Gogh-s-Self-Portrait-and-Clint-Eastwood-Pop-Retro-Vintage-Collage-by-luigi-tarini/32611621.A9G4R,By LT Graphic Art
169092948,Mythmoot XII: Drawn to the Edge Drawstring Bag,$39.07,"https://ih1.redbubble.net/image.5785100250.2948/drawstring_bag,x600-pad,600x600,f8f8f8.jpg",https://www.redbubble.com/i/drawstring-bag/Mythmoot-XII-Drawn-to-the-Edge-by-SignumStore/169092948.YT4RK,By SignumStore
170688277,Press Play on Progress Drawstring Bag,$40.02,"https://ih1.redbubble.net/image.5833314159.8277/drawstring_bag,x600-pad,600x600,f8f8f8.jpg",https://www.redbubble.com/i/drawstring-bag/Press-Play-on-Progress-by-HectorAction/170688277.YT4RK,By Kelsea Hector for Lansing Mayor
77674475,Game Shark All Over Print Tote Bag,From $22.94,"https://ih1.redbubble.net/image.2350084253.4475/tb,840x840,medium-c,1,198,600,600-bg,f8f8f8.u1.jpg",https://www.redbubble.com/i/tote-bag/Game-Shark-by-Requinoesis/77674475.A9G4R,By Requinoesis
81689792,Signum Logo Colorized All Over Print Tote Bag,From $22.94,"https://ih1.redbubble.net/image.2486575538.9792/tb,840x840,medium-c,1,198,600,600-bg,f8f8f8.jpg",https://www.redbubble.com/i/tote-bag/Signum-Logo-Colorized-by-SignumStore/81689792.A9G4R,By SignumStore
23252559,Lion King Logo Drawstring Bag,$39.07,"https://ih1.redbubble.net/image.3051737548.2559/drawstring_bag,x600-pad,600x600,f8f8f8.u9.jpg",https://www.redbubble.com/i/drawstring-bag/Lion-King-Logo-by-Leyzel/23252559.YT4RK,By Backstage by Leyzel
17002044,Forest Spirit All Over Print Tote Bag,From $25.62,"https://ih1.redbubble.net/image.690985917.2044/tb,840x840,medium-c,1,198,600,600-bg,f8f8f8.u1.jpg",https://www.redbubble.com/i/tote-bag/Forest-Spirit-by-freeminds/17002044.A9G4R,By freeminds
33668201,Svalbard Polar Bear - Midnight Sun in Norway All Over Print Tote Bag,From $23.71,"https://ih1.redbubble.net/image.630846536.8201/tb,840x840,medium-c,1,198,600,600-bg,f8f8f8.u7.jpg",https://www.redbubble.com/i/tote-bag/Svalbard-Polar-Bear-Midnight-Sun-in-Norway-by-IncognitoMode/33668201.A9G4R,By IncognitoMode
21501800,Henry V - Royal Arms of England (1399-1603) All Over Print Tote Bag,From $28.68,"https://ih1.redbubble.net/image.519622661.1800/tb,840x840,medium-c,1,198,600,600-bg,f8f8f8.jpg",https://www.redbubble.com/i/tote-bag/Henry-V-Royal-Arms-of-England-1399-1603-by-VASSdesign/21501800.A9G4R,By VASSdesign
166368187,Agatha Christie - St Mary Mead Mystery Book Club All Over Print Tote Bag,From $23.51,"https://ih1.redbubble.net/image.5700836853.8187/tb,840x840,medium-c,1,198,600,600-bg,f8f8f8.jpg",https://www.redbubble.com/i/tote-bag/Agatha-Christie-St-Mary-Mead-Mystery-Book-Club-by-humnoo/166368187.A9G4R,By humnoo
136097929,A Pile of Cats wearing Yellow and Red Scarves - Fantasy - Harry Drawstring Bag,$42.33,"https://ih1.redbubble.net/image.4653939123.7929/drawstring_bag,x600-pad,600x600,f8f8f8.u3.jpg",https://www.redbubble.com/i/drawstring-bag/A-Pile-of-Cats-wearing-Yellow-and-Red-Scarves-Fantasy-Harry-by-flevin/136097929.YT4RK,By Fenay Designs
39685830,Penguin and wine funny Penguin lover Drawstring Bag,$40.86,"https://ih1.redbubble.net/image.851430723.5830/drawstring_bag,x600-pad,600x600,f8f8f8.jpg",https://www.redbubble.com/i/drawstring-bag/Penguin-and-wine-funny-Penguin-lover-by-TeeDoozy/39685830.YT4RK,By TeeDoozy
30119474,Vintage Map of Cape Cod BW  Drawstring Bag,$36.96,"https://ih1.redbubble.net/image.505477463.9474/drawstring_bag,x600-pad,600x600,f8f8f8.jpg",https://www.redbubble.com/i/drawstring-bag/Vintage-Map-of-Cape-Cod-BW-by-BravuraMedia/30119474.YT4RK,By BravuraMedia
44176456,Giraffes on black Drawstring Bag,$39.07,"https://ih1.redbubble.net/image.1038448678.6456/drawstring_bag,x600-pad,600x600,f8f8f8.jpg",https://www.redbubble.com/i/drawstring-bag/Giraffes-on-black-by-kodamorkovkart/44176456.YT4RK,By Valeriya Korenkova Kodamorkovkart
105880246,Cat and yarn ball All Over Print Tote Bag,From $22.94,"https://ih1.redbubble.net/image.3398350303.0246/tb,840x840,medium-c,1,198,600,600-bg,f8f8f8.jpg",https://www.redbubble.com/i/tote-bag/Cat-and-yarn-ball-by-coffeeman/105880246.A9G4R,By coffeeman
25716884,The Art of Secrets Drawstring Bag,$39.07,"https://ih1.redbubble.net/image.344475377.6884/drawstring_bag,x600-pad,600x600,f8f8f8.u5.jpg",https://www.redbubble.com/i/drawstring-bag/The-Art-of-Secrets-by-ChocolateRaisin/25716884.YT4RK,By ChocolateRaisin
88561203,Cute Grey Gray and White Old English Sheepdog Drawstring Bag,$44.93,"https://ih1.redbubble.net/image.2740751433.1203/drawstring_bag,x600-pad,600x600,f8f8f8.u2.jpg",https://www.redbubble.com/i/drawstring-bag/Cute-Grey-Gray-and-White-Old-English-Sheepdog-by-Lulupainting/88561203.YT4RK,By Lulupainting
60985756,Testers gift only the strongest women become Testers Drawstring Bag,$35.82,"https://ih1.redbubble.net/image.1795215857.5756/drawstring_bag,x600-pad,600x600,f8f8f8.jpg",https://www.redbubble.com/i/drawstring-bag/Testers-gift-only-the-strongest-women-become-Testers-by-Custom365/60985756.YT4RK,By Custom365
146334142,"tyrannosaurus rex, Jurassic Park, Jurassic World, jurassicworld Drawstring Bag",$39.07,"https://ih1.redbubble.net/image.5027640059.4142/drawstring_bag,x600-pad,600x600,f8f8f8.u2.jpg",https://www.redbubble.com/i/drawstring-bag/tyrannosaurus-rex-Jurassic-Park-Jurassic-World-jurassicworld-by-4gottenlore/146334142.YT4RK,By 4gottenlore
69276282,Peppermint Butler Adventure Time Pattern All Over Print Tote Bag,From $22.94,"https://ih1.redbubble.net/image.2071370622.6282/tb,840x840,medium-c,1,198,600,600-bg,f8f8f8.jpg",https://www.redbubble.com/i/tote-bag/Peppermint-Butler-Adventure-Time-Pattern-by-ElectricFangs/69276282.A9G4R,By ElectricFangs
58259272,Shiva Symbol All Over Print Tote Bag,From $22.94,"https://ih1.redbubble.net/image.1689947233.9272/tb,840x840,medium-c,1,198,600,600-bg,f8f8f8.u1.jpg",https://www.redbubble.com/i/tote-bag/Shiva-Symbol-by-FosterChild7/58259272.A9G4R,By Gumless
169563493,Black Pearl (Red) Drawstring Bag,$35.16,"https://ih1.redbubble.net/image.5799846129.3493/drawstring_bag,x600-pad,600x600,f8f8f8.u2.jpg",https://www.redbubble.com/i/drawstring-bag/Black-Pearl-Red-by-Chromatic-Jade/169563493.YT4RK,By Chromatic-Jade
32071169,The Script Drawstring Bag,$39.07,"https://ih1.redbubble.net/image.576054621.1169/drawstring_bag,x600-pad,600x600,f8f8f8.u8.jpg",https://www.redbubble.com/i/drawstring-bag/The-Script-by-allonsyx/32071169.YT4RK,By allonsyx
167763664,Fightertown USA Volleyball Tournament Worn All Over Print Tote Bag,From $25.81,"https://ih1.redbubble.net/image.5743414840.3664/tb,840x840,medium-c,1,198,600,600-bg,f8f8f8.jpg",https://www.redbubble.com/i/tote-bag/Fightertown-USA-Volleyball-Tournament-Worn-by-alhern67/167763664.A9G4R,By Alema Art
150447824,Vintage Mariah The Scientist All Over Print Tote Bag,From $25.81,"https://ih1.redbubble.net/image.5173937344.7824/tb,840x840,medium-c,1,198,600,600-bg,f8f8f8.jpg",https://www.redbubble.com/i/tote-bag/Vintage-Mariah-The-Scientist-by-HellayCoriles/150447824.A9G4R,By HellayCoriles
105836023,True Loaf All Over Print Tote Bag,From $22.94,"https://ih1.redbubble.net/image.3396681145.6023/tb,840x840,medium-c,1,198,600,600-bg,f8f8f8.jpg",https://www.redbubble.com/i/tote-bag/True-Loaf-by-DocHackenbush/105836023.A9G4R,By DocHackenbush
160698049,Sixteen Gardenias (Cretonne Edition) Drawstring Bag,$43.96,"https://ih1.redbubble.net/image.5521632708.8049/drawstring_bag,x600-pad,600x600,f8f8f8.jpg",https://www.redbubble.com/i/drawstring-bag/Sixteen-Gardenias-Cretonne-Edition-by-PrivateVices/160698049.YT4RK,By PrivateVices
170797718,Sweets and biscuits Drawstring Bag,$39.07,"https://ih1.redbubble.net/image.5838013596.7718/drawstring_bag,x600-pad,600x600,f8f8f8.jpg",https://www.redbubble.com/i/drawstring-bag/Sweets-and-biscuits-by-fridayillu/170797718.YT4RK,By fridayillu
84434129,ALWAYS SUNNY iconic times All Over Print Tote Bag,From $23.89,"https://ih1.redbubble.net/image.2938852306.4129/tb,840x840,medium-c,1,198,600,600-bg,f8f8f8.jpg",https://www.redbubble.com/i/tote-bag/ALWAYS-SUNNY-iconic-times-by-flatlaydesign/84434129.A9G4R,By flatlaydesign
153476152,Soot studio ghibli Drawstring Bag,$41.64,"https://ih1.redbubble.net/image.5286380504.6152/drawstring_bag,x600-pad,600x600,f8f8f8.u1.jpg",https://www.redbubble.com/i/drawstring-bag/Soot-studio-ghibli-by-LucieBeeArt/153476152.YT4RK,By LucieBeeArt
119794711,Consolidated B-24 Liberator - Noise Art Phrases - Laden Maid - Clean Style Drawstring Bag,$37.44,"https://ih1.redbubble.net/image.3967513850.4711/drawstring_bag,x600-pad,600x600,f8f8f8.u1.jpg",https://www.redbubble.com/i/drawstring-bag/Consolidated-B-24-Liberator-Noise-Art-Phrases-Laden-Maid-Clean-Style-by-pzd501/119794711.YT4RK,By pzd501
76095014,St Vincent Grenadines Antilles Illustrated Travel Map with Roads and Highlights Drawstring Bag,$39.07,"https://ih1.redbubble.net/image.2297961981.5014/drawstring_bag,x600-pad,600x600,f8f8f8.u1.jpg",https://www.redbubble.com/i/drawstring-bag/St-Vincent-Grenadines-Antilles-Illustrated-Travel-Map-with-Roads-and-Highlights-by-artshop77/76095014.YT4RK,By artshop77
167937384,Boomerang Fu Sushi Drawstring Bag,$40.70,"https://ih1.redbubble.net/image.5810986652.7384/drawstring_bag,x600-pad,600x600,f8f8f8.jpg",https://www.redbubble.com/i/drawstring-bag/Boomerang-Fu-Sushi-by-haz5077/167937384.YT4RK,By Harry Hayes-Holden
140499468,300 SL Gullwing All Over Print Tote Bag,From $22.94,"https://ih1.redbubble.net/image.4821542919.9468/tb,840x840,medium-c,1,198,600,600-bg,f8f8f8.jpg",https://www.redbubble.com/i/tote-bag/300-SL-Gullwing-by-rogue-design/140499468.A9G4R,By rogue-design
48910240,Carry Yourself with the confidence of a Mediocre white man All Over Print Tote Bag,From $23.89,"https://ih1.redbubble.net/image.1246004209.0240/tb,840x840,medium-c,1,198,600,600-bg,f8f8f8.jpg",https://www.redbubble.com/i/tote-bag/Carry-Yourself-with-the-confidence-of-a-Mediocre-white-man-by-skr0201/48910240.A9G4R,By House Sparrow
26970791,ElfQuest: First Portfolio All Over Print Tote Bag,From $22.94,"https://ih1.redbubble.net/image.5804065510.0791/tb,840x840,medium-c,1,198,600,600-bg,f8f8f8.u2.jpg",https://www.redbubble.com/i/tote-bag/ElfQuest-First-Portfolio-by-elfquest/26970791.A9G4R,By elfquest
30741647,Nicolas Cage All Over Print Tote Bag,From $22.94,"https://ih1.redbubble.net/image.527687322.1647/tb,840x840,medium-c,1,198,600,600-bg,f8f8f8.u4.jpg",https://www.redbubble.com/i/tote-bag/Nicolas-Cage-by-iWumbo/30741647.A9G4R,By iWumbo
23168629,Happy dreaming hound All Over Print Tote Bag,From $22.94,"https://ih1.redbubble.net/image.511249953.8629/tb,840x840,medium-c,1,198,600,600-bg,f8f8f8.u1.jpg",https://www.redbubble.com/i/tote-bag/Happy-dreaming-hound-by-andrewledwith/23168629.A9G4R,By Andrew Ledwith
36520827,Shahsavan Azerbaijan North West Persian Bag Face Print Drawstring Bag,$39.07,"https://ih1.redbubble.net/image.5839249157.0827/drawstring_bag,x600-pad,600x600,f8f8f8.u4.jpg",https://www.redbubble.com/i/drawstring-bag/Shahsavan-Azerbaijan-North-West-Persian-Bag-Face-Print-by-bragova/36520827.YT4RK,By Vicky Brago-Mitchell®
169531703,Doctor Doom’s Logo (Without Background) All Over Print Tote Bag,From $22.94,"https://ih1.redbubble.net/image.5798879197.1703/tb,840x840,medium-c,1,198,600,600-bg,f8f8f8.u1.jpg",https://www.redbubble.com/i/tote-bag/Doctor-Doom-s-Logo-Without-Background-by-InfamousChimera/169531703.A9G4R,By YourInfamousChimera
34771032,Nelson & Murdock Attorneys At Law Drawstring Bag,$39.07,"https://ih1.redbubble.net/image.669446965.1032/drawstring_bag,x600-pad,600x600,f8f8f8.u6.jpg",https://www.redbubble.com/i/drawstring-bag/Nelson-and-Murdock-Attorneys-At-Law-by-LightningDes/34771032.YT4RK,By LightningDes
151854443,The God of Death Loves the Desert Flower All Over Print Tote Bag,From $28.68,"https://ih1.redbubble.net/image.5225764456.4443/tb,840x840,medium-c,1,198,600,600-bg,f8f8f8.u1.jpg",https://www.redbubble.com/i/tote-bag/The-God-of-Death-Loves-the-Desert-Flower-by-JanainaArt/151854443.A9G4R,By Janaina Medeiros
40711386,ford cg date 5 All Over Print Tote Bag,From $22.94,"https://ih1.redbubble.net/image.893783913.1386/tb,840x840,medium-c,1,198,600,600-bg,f8f8f8.jpg",https://www.redbubble.com/i/tote-bag/ford-cg-date-5-by-sovonight/40711386.A9G4R,By sovonight
156546357,Expedition 2022-2024 All Over Print Tote Bag,From $24.85,"https://ih1.redbubble.net/image.5385797078.6357/tb,840x840,medium-c,1,198,600,600-bg,f8f8f8.jpg",https://www.redbubble.com/i/tote-bag/Expedition-2022-2024-by-V8social/156546357.A9G4R,By V8social
34906301,James Joyce Shirt - James Joyce tshirt - James Joyce t-shirt - James Joyce tee - James Joyce Fan Club - James Joyce writer Drawstring Bag,$37.12,"https://ih1.redbubble.net/image.674243531.6301/drawstring_bag,x600-pad,600x600,f8f8f8.u7.jpg",https://www.redbubble.com/i/drawstring-bag/James-Joyce-Shirt-James-Joyce-tshirt-James-Joyce-t-shirt-James-Joyce-tee-James-Joyce-Fan-Club-James-Joyce-writer-by-happygiftideas/34906301.YT4RK,By happygiftideas
166631354,Dragon Age: Lucanis Dellamorte Quotes Drawstring Bag,$40.70,"https://ih1.redbubble.net/image.5708696549.1354/drawstring_bag,x600-pad,600x600,f8f8f8.jpg",https://www.redbubble.com/i/drawstring-bag/Dragon-Age-Lucanis-Dellamorte-Quotes-by-firlachieldraws/166631354.YT4RK,By firlachieldraws
22607893,Ghostbusters 2016 Logo All Over Print Tote Bag,From $23.89,"https://ih1.redbubble.net/image.240704042.7893/tb,840x840,medium-c,1,198,600,600-bg,f8f8f8.u3.jpg",https://www.redbubble.com/i/tote-bag/Ghostbusters-2016-Logo-by-AliceCorsairs/22607893.A9G4R,By AliceCorsairs
139344018,Books Helping Introverts Avoid Conversation Since 1454 I All Over Print Tote Bag,From $23.89,"https://ih1.redbubble.net/image.4778360951.4018/tb,840x840,medium-c,1,198,600,600-bg,f8f8f8.jpg",https://www.redbubble.com/i/tote-bag/Books-Helping-Introverts-Avoid-Conversation-Since-1454-I-by-lemon-pepper/139344018.A9G4R,By Lemon Pepper
155784089,Australian Water Dragon with Ferns and Hexagon Drawstring Bag,$42.33,"https://ih1.redbubble.net/image.5360564228.4089/drawstring_bag,x600-pad,600x600,f8f8f8.jpg",https://www.redbubble.com/i/drawstring-bag/Australian-Water-Dragon-with-Ferns-and-Hexagon-by-nadyawildlife/155784089.YT4RK,By Nadya Neklioudova
81770690,Cape Cod National Seashore Map (1997) Massachusetts Beaches Atlas All Over Print Tote Bag,From $21.70,"https://ih1.redbubble.net/image.2489422257.0690/tb,840x840,medium-c,1,198,600,600-bg,f8f8f8.jpg",https://www.redbubble.com/i/tote-bag/Cape-Cod-National-Seashore-Map-1997-Massachusetts-Beaches-Atlas-by-BravuraMedia/81770690.A9G4R,By BravuraMedia
10824190,Run with the pack Drawstring Bag,$42.33,"https://ih1.redbubble.net/image.382828556.4190/drawstring_bag,x600-pad,600x600,f8f8f8.u2.jpg",https://www.redbubble.com/i/drawstring-bag/Run-with-the-pack-by-LordWharts/10824190.YT4RK,By LordWharts
54644246,Queen of the Underworld All Over Print Tote Bag,From $24.85,"https://ih1.redbubble.net/image.1520738950.4246/tb,840x840,medium-c,1,198,600,600-bg,f8f8f8.u1.jpg",https://www.redbubble.com/i/tote-bag/Queen-of-the-Underworld-by-AlyshaNewton/54644246.A9G4R,By Alysha Newton
38702111,Oscar Mayer Bologna Illustration  All Over Print Tote Bag,From $22.94,"https://ih1.redbubble.net/image.814915955.2111/tb,840x840,medium-c,1,198,600,600-bg,f8f8f8.u1.jpg",https://www.redbubble.com/i/tote-bag/Oscar-Mayer-Bologna-Illustration-by-GracieMarx/38702111.A9G4R,By GracieMarx
22072463,Funny Lawn Bowls Evolution Of Man Drawstring Bag,$40.70,"https://ih1.redbubble.net/image.223588684.2463/drawstring_bag,x600-pad,600x600,f8f8f8.u4.jpg",https://www.redbubble.com/i/drawstring-bag/Funny-Lawn-Bowls-Evolution-Of-Man-by-BeyondEvolved/22072463.YT4RK,By BeyondEvolved
16028226,Hannibal - It's Beautiful All Over Print Tote Bag,From $22.94,"https://ih1.redbubble.net/image.91191873.8226/tb,840x840,medium-c,1,198,600,600-bg,f8f8f8.u2.jpg",https://www.redbubble.com/i/tote-bag/Hannibal-It-s-Beautiful-by-feredir/16028226.A9G4R,By feredir
35331343,Et olere optime Drawstring Bag,$41.35,"https://ih1.redbubble.net/image.1450846429.1343/drawstring_bag,x600-pad,600x600,f8f8f8.u3.jpg",https://www.redbubble.com/i/drawstring-bag/Et-olere-optime-by-Wisesnail/35331343.YT4RK,By Wisesnail
46938555,All Seeing Owl Drawstring Bag,$42.33,"https://ih1.redbubble.net/image.1153124237.8555/drawstring_bag,x600-pad,600x600,f8f8f8.jpg",https://www.redbubble.com/i/drawstring-bag/All-Seeing-Owl-by-RustyQuill/46938555.YT4RK,By RustyQuill
169732094,Orchard Grove At Temple Newsam Drawstring Bag,$39.07,"https://ih1.redbubble.net/image.5805335466.2094/drawstring_bag,x600-pad,600x600,f8f8f8.u2.jpg",https://www.redbubble.com/i/drawstring-bag/Orchard-Grove-At-Temple-Newsam-by-Radiocafe/169732094.YT4RK,By Radiocafe
158142014,Violin Abstract Watercolor Drawstring Bag,$39.07,"https://ih1.redbubble.net/image.5437898453.2014/drawstring_bag,x600-pad,600x600,f8f8f8.jpg",https://www.redbubble.com/i/drawstring-bag/Violin-Abstract-Watercolor-by-ArtPrints/158142014.YT4RK,By ArtPrints
111930019,Mohawk 2 (NA) All Over Print Tote Bag,From $21.98,"https://ih1.redbubble.net/image.3641887979.0019/tb,840x840,medium-c,1,198,600,600-bg,f8f8f8.jpg",https://www.redbubble.com/i/tote-bag/Mohawk-2-NA-by-curranmorgan/111930019.A9G4R,By curranmorgan
